{"count":1,"self":155.1209088,"total":450.9918064,"children":{"InitializeActuators":{"count":6,"self":0.001,"total":0.001,"children":null},"InitializeSensors":{"count":6,"self":0.0039948,"total":0.0039948,"children":null},"AgentSendState":{"count":178551,"self":0.82265119999999992,"total":9.4556931,"children":{"UpdateModelSpacePoses":{"count":214266,"self":1.2597763,"total":1.2597763,"children":null},"CollectObservations":{"count":214266,"self":0.2548685,"total":0.2548685,"children":null},"WriteActionMask":{"count":214266,"self":0.10962999999999999,"total":0.10962999999999999,"children":null},"RequestDecision":{"count":214266,"self":0.3932654,"total":7.0087671,"children":{"AgentInfo.ToProto":{"count":214266,"self":0.46566219999999997,"total":6.6155016999999994,"children":{"GenerateSensorData":{"count":214266,"self":6.1498396,"total":6.1498395,"children":null}}}}}}},"DecideAction":{"count":178551,"self":280.137728,"total":280.1377401,"children":null},"AgentAct":{"count":178551,"self":5.7492864,"total":6.2714748999999994,"children":{"UpdateModelSpacePoses":{"count":10742,"self":0.054797099999999994,"total":0.054797099999999994,"children":null},"AgentInfo.ToProto":{"count":10742,"self":0.0509393,"total":0.46739119999999995,"children":{"GenerateSensorData":{"count":10742,"self":0.4164519,"total":0.4164519,"children":null}}}}}},"gauges":{"TouchCube.CumulativeReward":{"count":10742,"max":-1,"min":-25.920475,"runningAverage":-2.00266671,"value":-1.42999983,"weightedAverage":-1.34470832}},"metadata":{"timer_format_version":"0.1.0","start_time_seconds":"1666882147","unity_version":"2020.3.25f1","command_line_arguments":"E:\\Program Files\\Unity\\Hub\\Editor\\2020.3.25f1\\Editor\\Unity.exe -projectpath E:\\Study\\Unity\\Robotarm3 -useHub -hubIPC -cloudEnvironment production -licensingIpc LicenseClient-MECHREVO -hubSessionId 72bea220-5603-11ed-a4a5-4770c5060035","communication_protocol_version":"1.5.0","com.unity.ml-agents_version":"2.2.1-exp.1","scene_name":"GrabCube_Pincher","end_time_seconds":"1666882598"}}