{"count":1,"self":3823.1277568,"total":10478.519097499999,"children":{"InitializeActuators":{"count":6,"self":0.0020001,"total":0.0020001,"children":null},"InitializeSensors":{"count":6,"self":0.0060085999999999994,"total":0.0060085999999999994,"children":null},"AgentSendState":{"count":3574601,"self":18.4643408,"total":202.8998322,"children":{"UpdateModelSpacePoses":{"count":4289526,"self":26.705923199999997,"total":26.7059233,"children":null},"CollectObservations":{"count":4289526,"self":5.3612228,"total":5.3612227,"children":null},"WriteActionMask":{"count":4289526,"self":2.068155,"total":2.068155,"children":null},"RequestDecision":{"count":4289526,"self":8.2117632,"total":150.3001904,"children":{"AgentInfo.ToProto":{"count":4289526,"self":8.8912976,"total":142.0884269,"children":{"GenerateSensorData":{"count":4289526,"self":133.1971328,"total":133.1971293,"children":null}}}}}}},"DecideAction":{"count":3574601,"self":6207.5957247999995,"total":6207.5955257,"children":null},"AgentAct":{"count":3574601,"self":226.47321599999998,"total":244.8868896,"children":{"UpdateModelSpacePoses":{"count":335847,"self":2.6840256,"total":2.6840256,"children":null},"AgentInfo.ToProto":{"count":335847,"self":1.2215692999999999,"total":15.729643999999999,"children":{"GenerateSensorData":{"count":335847,"self":14.508075199999999,"total":14.5080747,"children":null}}}}}},"gauges":{"TouchCube.CumulativeReward":{"count":335847,"max":0.6519979,"min":-28.59551,"runningAverage":-0.0142235979,"value":-0.998941362,"weightedAverage":-0.9994473}},"metadata":{"timer_format_version":"0.1.0","start_time_seconds":"1666491265","unity_version":"2020.3.25f1","command_line_arguments":"E:\\Program Files\\Unity\\Hub\\Editor\\2020.3.25f1\\Editor\\Unity.exe -projectpath E:\\Study\\Unity\\Robotarm3 -useHub -hubIPC -cloudEnvironment production -licensingIpc LicenseClient-MECHREVO -hubSessionId 79d76a50-5208-11ed-8fb5-5d2b406b8a35","communication_protocol_version":"1.5.0","com.unity.ml-agents_version":"2.2.1-exp.1","scene_name":"MoveCube","end_time_seconds":"1666501744"}}