{"count":1,"self":2180.1754624,"total":4692.1499895,"children":{"InitializeActuators":{"count":1,"self":0.0019941,"total":0.0019941,"children":null},"InitializeSensors":{"count":1,"self":0.0049289,"total":0.0049289,"children":null},"AgentSendState":{"count":116690,"self":0.5271153,"total":2.9478188,"children":{"UpdateModelSpacePoses":{"count":25317,"self":0.3088053,"total":0.3088053,"children":null},"CollectObservations":{"count":25317,"self":0.1177775,"total":0.1177775,"children":null},"WriteActionMask":{"count":25317,"self":0.038802199999999995,"total":0.038802199999999995,"children":null},"RequestDecision":{"count":25317,"self":0.14606449999999999,"total":1.9553185,"children":{"AgentInfo.ToProto":{"count":25317,"self":0.19695089999999998,"total":1.809254,"children":{"GenerateSensorData":{"count":25317,"self":1.6123030999999999,"total":1.6123030999999999,"children":null}}}}}}},"DecideAction":{"count":116690,"self":2504.107008,"total":2504.1070688,"children":null},"AgentAct":{"count":116690,"self":4.4067956,"total":4.9107274,"children":{"UpdateModelSpacePoses":{"count":5449,"self":0.073409599999999992,"total":0.073409599999999992,"children":null},"AgentInfo.ToProto":{"count":5449,"self":0.0472767,"total":0.43052209999999996,"children":{"GenerateSensorData":{"count":5449,"self":0.38324539999999996,"total":0.38324539999999996,"children":null}}}}}},"gauges":{"C123_15cm.CumulativeReward":{"count":5449,"max":0.245689869,"min":-15.4082613,"runningAverage":-1.29569566,"value":-1.15809691,"weightedAverage":-1.14057112}},"metadata":{"timer_format_version":"0.1.0","start_time_seconds":"1685415724","unity_version":"2020.3.25f1","command_line_arguments":"E:\\Study\\Unity\\Robot3_4_7_3Curriculum\\envs\/Robotarm3.exe --mlagents-port 5003","communication_protocol_version":"1.5.0","com.unity.ml-agents_version":"2.2.1-exp.1","scene_name":"experiment1","end_time_seconds":"1685420416"}}